TicketID,request,category,priority,priority_code,response,date,urgency,response_time_hours,started_at,closed_at,Status,review_status,review_notes,routed_to,routed_at,risk_flags,transparency_note,approval_required,approval_status,ml_confidence,classification_method
T001,Our server is down and no one can access the network,IT,High,3.1,This is a critical issue. The IT team is actively working to resolve it immediately.,2026-03-20,Immediate,43.1,,,Closed,,,,,,"This ticket was classified and responded to using AI-assisted rules. Human review may be required for sensitive, finance, or unclassified cases.",No,Not Required,,Existing record
T002,I have not received my last month’s payslip and salary is missing.,HR,Low,1.2,Your request has been received and will be handled by HR shortly.,2026-03-20,Not Immediate,32.5,,,Closed,,,,,,"This ticket was classified and responded to using AI-assisted rules. Human review may be required for sensitive, finance, or unclassified cases.",No,Not Required,,Existing record
T003,The invoice for last month hasn’t been paid.,Finance,Low,1.2,Your request has been logged. The Finance team will process it when available.,2026-03-20,Not Immediate,62.7,,,Closed,,,,,,"This ticket was classified and responded to using AI-assisted rules. Human review may be required for sensitive, finance, or unclassified cases.",No,Not Required,,Existing record
T004,The shipment is delayed and stock in the warehouse is low,Operations,Medium,2.2,Your request has been scheduled and will be handled by Operations soon.,2026-03-20,Not Immediate,69.3,,,Closed,,,,,,"This ticket was classified and responded to using AI-assisted rules. Human review may be required for sensitive, finance, or unclassified cases.",No,Not Required,,Existing record
T005,Can someone look at this random question about the office,Unclassified,Low,1.2,Your request has been received.,2026-03-20,Not Immediate,66.8,,,Closed,Irrelevant,Marked as irrelevant during review,,,,"This ticket was classified and responded to using AI-assisted rules. Human review may be required for sensitive, finance, or unclassified cases.",No,Not Required,,Existing record
T006,My laptop crashed and payroll for HR hasn’t been processed.,IT,Low,1.2,Your request has been received and will be addressed by the IT team as soon as possible as it is affecting your work today.,2026-03-20,Not Immediate,22.8,,,Closed,,,,,,"This ticket was classified and responded to using AI-assisted rules. Human review may be required for sensitive, finance, or unclassified cases.",No,Not Required,,Existing record
T007,System has been hacked.,IT,High,3.1,This is a critical issue. The IT team is actively working to resolve it immediately.,2026-03-20,Immediate,2.4,,,Closed,,,,,,"This ticket was classified and responded to using AI-assisted rules. Human review may be required for sensitive, finance, or unclassified cases.",No,Not Required,,Existing record
T008,I have to attend a wedding.,Unclassified,Low,1.2,Your request has been received.,2026-03-20,Not Immediate,17.6,,,Closed,,,,,,"This ticket was classified and responded to using AI-assisted rules. Human review may be required for sensitive, finance, or unclassified cases.",No,Not Required,,Existing record
T009,My laptop is broken.,IT,Low,1.2,Your request has been received and will be addressed by the IT team as soon as possible as it is affecting your work today.,2026-03-22,Not Immediate,36.6,,,Closed,,,,,,"This ticket was classified and responded to using AI-assisted rules. Human review may be required for sensitive, finance, or unclassified cases.",No,Not Required,,Existing record
T010,laptop not working,IT,Medium,2.2,Your request has been logged and scheduled. The IT team will resolve it as soon as possible.,2026-03-22,Not Immediate,67.9,,,Closed,,,,,,"This ticket was classified and responded to using AI-assisted rules. Human review may be required for sensitive, finance, or unclassified cases.",No,Not Required,,Existing record
T011,My laptop is broken and won’t start.,IT,Medium,2.2,Your request has been logged and scheduled. The IT team will resolve it as soon as possible.,2026-03-22,Not Immediate,47.5,,,Closed,,,,,,"This ticket was classified and responded to using AI-assisted rules. Human review may be required for sensitive, finance, or unclassified cases.",No,Not Required,,Existing record
T012,The server is down and no one can access the network.,IT,High,3.1,This is a critical issue. The IT team is actively working to resolve it immediately.,2026-03-22,Immediate,34.1,,,Closed,,,,,,"This ticket was classified and responded to using AI-assisted rules. Human review may be required for sensitive, finance, or unclassified cases.",No,Not Required,,Existing record
T013,I think my computer has a virus.,IT,High,3.1,This is a critical issue. The IT team is actively working to resolve it immediately.,2026-03-22,Immediate,1.1,,,Closed,,,,,,"This ticket was classified and responded to using AI-assisted rules. Human review may be required for sensitive, finance, or unclassified cases.",No,Not Required,,Existing record
T014,The printer is not working and print jobs are failing.,IT,Medium,2.2,Your request has been logged and scheduled. The IT team will resolve it as soon as possible.,2026-03-22,Not Immediate,42.9,,,Closed,,,,,,"This ticket was classified and responded to using AI-assisted rules. Human review may be required for sensitive, finance, or unclassified cases.",No,Not Required,,Existing record
T015,I have not received my last month’s salary.,HR,Low,1.2,Your request has been received and will be handled by HR shortly.,2026-03-22,Not Immediate,16.8,,,Closed,,,,,,"This ticket was classified and responded to using AI-assisted rules. Human review may be required for sensitive, finance, or unclassified cases.",No,Not Required,,Existing record
T016,I experienced harassment in the workplace.,HR,High,3.1,This HR issue is being prioritised and will be addressed as soon as possible.,2026-03-22,Immediate,55.1,,,Closed,,,,,,"This ticket was classified and responded to using AI-assisted rules. Human review may be required for sensitive, finance, or unclassified cases.",No,Not Required,,Existing record
T017,Can I request leave for next week?,HR,Medium,2.2,Your request has been received and will be processed by HR in due course.,2026-03-22,Not Immediate,36.0,,,Closed,,,,,,"This ticket was classified and responded to using AI-assisted rules. Human review may be required for sensitive, finance, or unclassified cases.",No,Not Required,,Existing record
T018,I want to check my benefits and policy details.,HR,Medium,2.2,Your request has been received and will be processed by HR in due course.,2026-03-22,Not Immediate,71.5,,,Closed,,,,,,"This ticket was classified and responded to using AI-assisted rules. Human review may be required for sensitive, finance, or unclassified cases.",No,Not Required,,Existing record
T019,The invoice for last month hasn’t been paid.,Finance,Medium,2.2,Your request has been scheduled and will be handled by the Finance team soon.,2026-03-22,Not Immediate,19.1,,,Closed,,,,,,"This ticket was classified and responded to using AI-assisted rules. Human review may be required for sensitive, finance, or unclassified cases.",No,Not Required,,Existing record
T020,There is a duplicate payment in my account.,Finance,High,3.1,This is a critical financial issue. The Finance team is taking immediate action.,2026-03-22,Immediate,10.2,,,Closed,,,,,,"This ticket was classified and responded to using AI-assisted rules. Human review may be required for sensitive, finance, or unclassified cases.",No,Not Required,,Existing record
T021,I have a question about my reimbursement.,Finance,Medium,2.2,Your request has been scheduled and will be handled by the Finance team soon.,2026-03-22,Not Immediate,46.7,,,Closed,,,,,,"This ticket was classified and responded to using AI-assisted rules. Human review may be required for sensitive, finance, or unclassified cases.",No,Not Required,,Existing record
T022,The budget report needs clarification.,Finance,Medium,2.2,Your request has been scheduled and will be handled by the Finance team soon.,2026-03-22,Not Immediate,69.7,,,Closed,,,,,,"This ticket was classified and responded to using AI-assisted rules. Human review may be required for sensitive, finance, or unclassified cases.",No,Not Required,,Existing record
T023,The shipment is delayed and stock in the warehouse is low.,Operations,High,3.1,This is a critical operations issue. Immediate action is being taken.,2026-03-22,Immediate,4.5,,,Closed,,,,,,"This ticket was classified and responded to using AI-assisted rules. Human review may be required for sensitive, finance, or unclassified cases.",No,Not Required,,Existing record
T024,Our production line has stopped due to equipment failure.,Operations,High,3.1,This is a critical operations issue. Immediate action is being taken.,2026-03-22,Immediate,41.7,,,Closed,,,,,,"This ticket was classified and responded to using AI-assisted rules. Human review may be required for sensitive, finance, or unclassified cases.",No,Not Required,,Existing record
T025,We need to update the schedule for next week.,IT,Medium,2.2,Your request has been logged and scheduled. The IT team will resolve it as soon as possible.,2026-03-22,Not Immediate,16.1,,,Closed,,,,,,"This ticket was classified and responded to using AI-assisted rules. Human review may be required for sensitive, finance, or unclassified cases.",No,Not Required,,Existing record
T026,Tracking information for the delivery is missing.,Operations,Medium,2.2,Your request has been scheduled and will be handled by Operations soon.,2026-03-22,Not Immediate,23.6,,,Open,,,,,,"This ticket was classified and responded to using AI-assisted rules. Human review may be required for sensitive, finance, or unclassified cases.",No,Not Required,,Existing record
T027,I have a question about office decorations.,Unclassified,Low,1.2,Your request has been received.,2026-03-22,Not Immediate,21.2,,,In Progress,,,,,,"This ticket was classified and responded to using AI-assisted rules. Human review may be required for sensitive, finance, or unclassified cases.",No,Not Required,,Existing record
T028,Someone suggested a new workflow for the project.,Operations,Low,1.2,Your request has been received and the Operations team will assist shortly.,2026-03-22,Not Immediate,67.7,,,Open,,,,,,"This ticket was classified and responded to using AI-assisted rules. Human review may be required for sensitive, finance, or unclassified cases.",No,Not Required,,Existing record
T029,My keyboard isn’t responding properly.,IT,Low,1.2,Your request has been received.,2026-03-22,Not Immediate,69.0,,,Open,Routed,Routed to IT by reviewer,IT,,,"This ticket was classified and responded to using AI-assisted rules. Human review may be required for sensitive, finance, or unclassified cases.",No,Not Required,,Existing record
T030,The monitor occasionally flickers when I start the computer.,IT,Low,1.2,Your request has been received and will be addressed by the IT team as soon as possible as it is affecting your work today.,2026-03-22,Not Immediate,16.4,,,In Progress,,,,,,"This ticket was classified and responded to using AI-assisted rules. Human review may be required for sensitive, finance, or unclassified cases.",No,Not Required,,Existing record
T031,I need help installing a new software application.,IT,Low,1.2,Your request has been received and will be addressed by the IT team as soon as possible as it is affecting your work today.,2026-03-22,Not Immediate,29.9,,,Open,,,,,,"This ticket was classified and responded to using AI-assisted rules. Human review may be required for sensitive, finance, or unclassified cases.",No,Not Required,,Existing record
T032,Can I get information on the company’s attendance policy?,HR,Medium,2.2,Your request has been received and will be processed by HR in due course.,2026-03-22,Not Immediate,43.4,,,Open,,,,,,"This ticket was classified and responded to using AI-assisted rules. Human review may be required for sensitive, finance, or unclassified cases.",No,Not Required,,Existing record
T033,I want to clarify the procedure for submitting leave requests.,HR,Medium,2.2,Your request has been received and will be processed by HR in due course.,2026-03-22,Not Immediate,39.5,,,Open,,,,,,"This ticket was classified and responded to using AI-assisted rules. Human review may be required for sensitive, finance, or unclassified cases.",No,Not Required,,Existing record
T034,I need guidance on the performance appraisal process.,HR,Medium,2.2,Your request has been received and will be processed by HR in due course.,2026-03-22,Not Immediate,29.4,,,Open,,,,,,"This ticket was classified and responded to using AI-assisted rules. Human review may be required for sensitive, finance, or unclassified cases.",No,Not Required,,Existing record
T035,My laptop is down and I also haven’t received last month’s salary.,IT,High,3.1,This is a critical issue. The IT team is actively working to resolve it immediately.,2026-03-22,Immediate,45.8,,,Open,,,,,,"This ticket was classified and responded to using AI-assisted rules. Human review may be required for sensitive, finance, or unclassified cases.",No,Not Required,,Existing record
T036,My laptop is down and I also haven’t received last month’s salary.,IT,High,3.1,All relevant departments will review your request and get back to you as soon as possible.,2026-03-22,Immediate,58.8,,,In Progress,,,,,,"This ticket was classified and responded to using AI-assisted rules. Human review may be required for sensitive, finance, or unclassified cases.",No,Not Required,,Existing record
T036,My laptop is down and I also haven’t received last month’s salary.,HR,High,3.1,All relevant departments will review your request and get back to you as soon as possible.,2026-03-22,Immediate,19.9,,,In Progress,,,,,,"This ticket was classified and responded to using AI-assisted rules. Human review may be required for sensitive, finance, or unclassified cases.",No,Not Required,,Existing record
T037,I need a laptop.,IT,Low,1.2,Your request has been received and will be addressed by the IT team as soon as possible as it is affecting your work today.,2026-03-23,Not Immediate,35.9,,,Open,,,,,,"This ticket was classified and responded to using AI-assisted rules. Human review may be required for sensitive, finance, or unclassified cases.",No,Not Required,,Existing record
T038,I need to take a leave,HR,Medium,2.2,Your request has been received and will be processed by HR in due course.,2026-03-23,Not Immediate,22.6,,,Open,,,,,,"This ticket was classified and responded to using AI-assisted rules. Human review may be required for sensitive, finance, or unclassified cases.",No,Not Required,,Existing record
T039,My payslip has not beene emailed yet.,HR,High,3.1,This HR issue is being prioritised and will be addressed as soon as possible.,2026-03-23,Immediate,64.4,,,Open,,,,,,"This ticket was classified and responded to using AI-assisted rules. Human review may be required for sensitive, finance, or unclassified cases.",No,Not Required,,Existing record
T040,I need to report discrimination now.,HR,High,3.1,All relevant departments will review your request and get back to you as soon as possible.,2026-03-23,Immediate,60.5,,,In Progress,,,,,,"This ticket was classified and responded to using AI-assisted rules. Human review may be required for sensitive, finance, or unclassified cases.",No,Not Required,,Existing record
T040,I need to report discrimination now.,Finance,High,3.1,All relevant departments will review your request and get back to you as soon as possible.,2026-03-23,Immediate,63.3,,,In Progress,,,,,,"This ticket was classified and responded to using AI-assisted rules. Human review may be required for sensitive, finance, or unclassified cases.",No,Not Required,,Existing record
T041,salary is missing,HR,High,3.1,This HR issue is being prioritised and will be addressed as soon as possible.,2026-03-23,Immediate,44.8,,,In Progress,,,,,,"This ticket was classified and responded to using AI-assisted rules. Human review may be required for sensitive, finance, or unclassified cases.",No,Not Required,,Existing record
T042,I cannot login to the system and keep getting an error,IT,Medium,2.2,Your request has been logged and scheduled. The IT team will resolve it as soon as possible.,2026-03-23,Not Immediate,39.1,,,Open,,,,,,"This ticket was classified and responded to using AI-assisted rules. Human review may be required for sensitive, finance, or unclassified cases.",No,Not Required,,Existing record
T043,I have a leave request and need clarification on company policy,HR,Medium,2.2,Your request has been received and will be processed by HR in due course.,2026-03-23,Not Immediate,37.7,,,Open,,,,,,"This ticket was classified and responded to using AI-assisted rules. Human review may be required for sensitive, finance, or unclassified cases.",No,Not Required,,Existing record
T044,I need help with a reimbursement and expense issue,Finance,Medium,2.2,Your request has been scheduled and will be handled by the Finance team soon.,2026-03-23,Not Immediate,23.9,,,Open,,,,,,"This ticket was classified and responded to using AI-assisted rules. Human review may be required for sensitive, finance, or unclassified cases.",No,Not Required,,Existing record
T045,There is a delay in delivery and a logistics issue with tracking,Operations,High,3.1,This is a critical operations issue. Immediate action is being taken.,2026-03-23,Immediate,12.4,,,Open,,,,,,"This ticket was classified and responded to using AI-assisted rules. Human review may be required for sensitive, finance, or unclassified cases.",No,Not Required,,Existing record
T046,I would like general feedback on my performance review,HR,Low,1.2,Your request has been received and will be handled by HR shortly.,2026-03-23,Not Immediate,66.1,,,In Progress,,,,,,"This ticket was classified and responded to using AI-assisted rules. Human review may be required for sensitive, finance, or unclassified cases.",No,Not Required,,Existing record
T047,I have a general question about my account statement,Finance,Low,1.2,Your request has been logged. The Finance team will process it when available.,2026-03-23,Not Immediate,2.3,,,Open,,,,,,"This ticket was classified and responded to using AI-assisted rules. Human review may be required for sensitive, finance, or unclassified cases.",No,Not Required,,Existing record
T048,Can I get an update on the warehouse schedule for next week,Operations,Medium,2.2,Your request has been scheduled and will be handled by Operations soon.,2026-03-23,Not Immediate,63.2,,,Open,,,,,,"This ticket was classified and responded to using AI-assisted rules. Human review may be required for sensitive, finance, or unclassified cases.",No,Not Required,,Existing record
T049,My laptop is not working.,IT,Medium,2.2,Your request has been logged and scheduled. The IT team will resolve it as soon as possible.,2026-03-23,Not Immediate,13.7,,,Open,,,,,,"This ticket was classified and responded to using AI-assisted rules. Human review may be required for sensitive, finance, or unclassified cases.",No,Not Required,,Existing record
T050,The system is down for all users.,IT,High,3.2,This is a critical issue. The IT team is actively working to resolve it immediately.,2026-03-23,Not Immediate,62.8,,,Open,,,,,,"This ticket was classified and responded to using AI-assisted rules. Human review may be required for sensitive, finance, or unclassified cases.",No,Not Required,,Existing record
T051,My TV is not working.,Unclassified,Low,1.2,Your request has been received.,2026-03-24,Not Immediate,34.3,,,Open,,,,,,"This ticket was classified and responded to using AI-assisted rules. Human review may be required for sensitive, finance, or unclassified cases.",No,Not Required,,Existing record
T052,My laptop is broken.,IT,Medium,2.2,Your request has been logged and will be resolved soon.,2026-03-24,Not Immediate,51.6,,,In Progress,,,,,,"This ticket was classified and responded to using AI-assisted rules. Human review may be required for sensitive, finance, or unclassified cases.",No,Not Required,,Existing record
T053,quit,IT,Medium,2.2,Your request has been logged and will be resolved soon.,2026-03-24,Not Immediate,14.3,,,Open,,,,,,"This ticket was classified and responded to using AI-assisted rules. Human review may be required for sensitive, finance, or unclassified cases.",No,Not Required,,Existing record
T054,quit,IT,Medium,2.2,Your request has been logged and will be resolved soon.,2026-03-24,Not Immediate,35.1,,,Open,,,,,,"This ticket was classified and responded to using AI-assisted rules. Human review may be required for sensitive, finance, or unclassified cases.",No,Not Required,,Existing record
T055,I want to take leave urgently.,IT,Medium,2.2,Your request has been logged and will be resolved soon.,2026-03-24,Not Immediate,57.7,,,Open,,,,,,"This ticket was classified and responded to using AI-assisted rules. Human review may be required for sensitive, finance, or unclassified cases.",No,Not Required,,Existing record
T056,I have experienced discrimination in the workplace.,IT,Medium,2.2,Your request has been logged and will be resolved soon.,2026-03-24,Not Immediate,60.6,,,Open,,,,,,"This ticket was classified and responded to using AI-assisted rules. Human review may be required for sensitive, finance, or unclassified cases.",No,Not Required,,Existing record
T057,I have experienced discrimination in the workplace.,IT,Medium,2.2,Your request has been logged and will be resolved soon.,2026-03-24,Not Immediate,9.3,,,Open,,,,,,"This ticket was classified and responded to using AI-assisted rules. Human review may be required for sensitive, finance, or unclassified cases.",No,Not Required,,Existing record
T058,I need to take leave.,IT,Medium,2.2,Your request has been logged and will be resolved soon.,2026-03-24,Not Immediate,51.8,,,Open,,,,,,"This ticket was classified and responded to using AI-assisted rules. Human review may be required for sensitive, finance, or unclassified cases.",No,Not Required,,Existing record
T059,I need to take leave.,IT,Medium,2.2,Your request has been logged and will be resolved soon.,2026-03-24,Not Immediate,43.2,,,Open,,,,,,"This ticket was classified and responded to using AI-assisted rules. Human review may be required for sensitive, finance, or unclassified cases.",No,Not Required,,Existing record
T060,I need to take leave,IT,Medium,2.2,Your request has been logged and will be resolved soon.,2026-03-24,Not Immediate,10.1,,,Open,,,,,,"This ticket was classified and responded to using AI-assisted rules. Human review may be required for sensitive, finance, or unclassified cases.",No,Not Required,,Existing record
T061,I need to take leave.,HR,Medium,2.2,Your request has been received and will be processed by HR in due course.,2026-03-24,Not Immediate,6.2,,,Open,,,,,,"This ticket was classified and responded to using AI-assisted rules. Human review may be required for sensitive, finance, or unclassified cases.",No,Not Required,,Existing record
T062,"My mouse is not working,",Unclassified,Low,1.2,Your request has been received.,2026-03-24,Not Immediate,59.1,,,Open,,,,,,"This ticket was classified and responded to using AI-assisted rules. Human review may be required for sensitive, finance, or unclassified cases.",No,Not Required,,Existing record
T063,My screen is broken.,IT,Low,1.2,Your request has been received.,2026-03-24,Not Immediate,13.9,,,Open,Routed,Routed to IT by reviewer,IT,2026-04-15 15:44:14,,"This ticket was classified and responded to using AI-assisted rules. Human review may be required for sensitive, finance, or unclassified cases.",No,Not Required,,Existing record
T064,I would like to take leave immediately.,HR,Medium,2.1,This is a high-priority HR matter. Immediate attention is being given.,2026-03-24,Immediate,13.7,,,Open,,,,,,"This ticket was classified and responded to using AI-assisted rules. Human review may be required for sensitive, finance, or unclassified cases.",No,Not Required,,Existing record
T065,My mouse is broken.,IT,Low,1.2,Your request has been received. It will be reviewed and assigned to the appropriate department.,2026-03-24,Not Immediate,39.5,,,Open,Routed,New mouse needed.,IT,,,"This ticket was classified and responded to using AI-assisted rules. Human review may be required for sensitive, finance, or unclassified cases.",No,Not Required,,Existing record
T066,My WiFi connection is slow.,IT,Medium,2.2,Your request has been logged and scheduled. The IT team will resolve it in due course.,2026-03-24,Not Immediate,65.7,,,In Progress,,,,,,"This ticket was classified and responded to using AI-assisted rules. Human review may be required for sensitive, finance, or unclassified cases.",No,Not Required,,Existing record
T067,The system has been hacked.,IT,High,3.2,This is a high-priority IT issue. The IT team is prioritising it and will resolve it as soon as possible.,2026-03-24,Not Immediate,34.1,,,Open,,,,,,"This ticket was classified and responded to using AI-assisted rules. Human review may be required for sensitive, finance, or unclassified cases.",No,Not Required,,Existing record
T068,I need the invoice for the order.,Finance,Medium,2.2,All relevant departments will review your request and get back to you as soon as possible.,2026-03-24,Not Immediate,48.1,,,In Progress,,,,,,"This ticket was classified and responded to using AI-assisted rules. Human review may be required for sensitive, finance, or unclassified cases.",No,Not Required,,Existing record
T068,I need the invoice for the order.,Operations,Medium,2.2,All relevant departments will review your request and get back to you as soon as possible.,2026-03-24,Not Immediate,49.0,,,In Progress,,,,,,"This ticket was classified and responded to using AI-assisted rules. Human review may be required for sensitive, finance, or unclassified cases.",No,Not Required,,Existing record
T069,I need a new TV set.,Unclassified,Low,1.2,Your request has been received. It will be reviewed and assigned to the appropriate department.,2026-03-24,Not Immediate,49.7,,,Open,,,,,,"This ticket was classified and responded to using AI-assisted rules. Human review may be required for sensitive, finance, or unclassified cases.",No,Not Required,,Existing record
T070,My order has been delayed.,Operations,Medium,2.2,Your request has been scheduled and will be handled by Operations soon.,2026-03-24,Not Immediate,39.1,,,Open,,,,,,"This ticket was classified and responded to using AI-assisted rules. Human review may be required for sensitive, finance, or unclassified cases.",No,Not Required,,Existing record
T071,The warehouse is stocked up.,Operations,Low,1.2,Your request has been logged and will be handled in the normal workflow.,2026-03-24,Not Immediate,9.5,,,Open,,,,,,"This ticket was classified and responded to using AI-assisted rules. Human review may be required for sensitive, finance, or unclassified cases.",No,Not Required,,Existing record
T072,I need my payslip.,HR,Medium,2.2,Your request has been received and will be processed by HR in due course.,2026-03-24,Not Immediate,30.2,,,In Progress,,,,,,"This ticket was classified and responded to using AI-assisted rules. Human review may be required for sensitive, finance, or unclassified cases.",No,Not Required,,Existing record
T073,My order has been delayed.,Operations,Medium,2.2,Your request has been scheduled and will be handled by Operations soon.,2026-03-25,Not Immediate,3.4,,,Open,,,,,,"This ticket was classified and responded to using AI-assisted rules. Human review may be required for sensitive, finance, or unclassified cases.",No,Not Required,,Existing record
T074,Our entire network is down and no one can access the system.,IT,High,3.2,This is a high-priority IT issue. The IT team is prioritising it and will resolve it as soon as possible.,2026-03-26,Not Immediate,16.6,,,Open,,,,,,"This ticket was classified and responded to using AI-assisted rules. Human review may be required for sensitive, finance, or unclassified cases.",No,Not Required,,Existing record
T075,There is suspected fraud in the financial transactions.,Finance,High,3.2,This is a high-priority financial matter and is being prioritised for resolution.,2026-03-26,Not Immediate,67.0,,,Open,,,,,,"This ticket was classified and responded to using AI-assisted rules. Human review may be required for sensitive, finance, or unclassified cases.",No,Not Required,,Existing record
T076,An employee reported harassment in the workplace.,HR,High,3.2,This is a high-priority HR issue and will be handled with urgency.,2026-03-26,Not Immediate,28.9,,,Open,,,,,,"This ticket was classified and responded to using AI-assisted rules. Human review may be required for sensitive, finance, or unclassified cases.",No,Not Required,,Existing record
T077,The system is very slow and users cannot log in.,IT,Medium,2.2,Your request has been logged and scheduled. The IT team will resolve it in due course.,2026-03-26,Not Immediate,54.8,,,In Progress,,,,,,"This ticket was classified and responded to using AI-assisted rules. Human review may be required for sensitive, finance, or unclassified cases.",No,Not Required,,Existing record
T078,The shipment is delayed and inventory is running low. We need more now.,Operations,Medium,2.1,Your request has been prioritised and will be handled by the Operations team today.,2026-03-26,Immediate,9.3,,,Open,,,,,,"This ticket was classified and responded to using AI-assisted rules. Human review may be required for sensitive, finance, or unclassified cases.",No,Not Required,,Existing record
T079,I need help understanding my payslip and overtime.,HR,Medium,2.2,Your request has been received and will be processed by HR in due course.,2026-03-26,Not Immediate,37.6,,,Open,,,,,,"This ticket was classified and responded to using AI-assisted rules. Human review may be required for sensitive, finance, or unclassified cases.",No,Not Required,,Existing record
T080,Can you provide the latest financial report,Finance,Low,1.2,Your request has been logged and will be processed when resources are available.,2026-03-26,Not Immediate,58.2,,,In Progress,,,,,,"This ticket was classified and responded to using AI-assisted rules. Human review may be required for sensitive, finance, or unclassified cases.",No,Not Required,,Existing record
T081,I would like to request leave for next week.,HR,Medium,2.2,Your request has been received and will be processed by HR in due course.,2026-03-26,Not Immediate,55.8,,,Open,,,,,,"This ticket was classified and responded to using AI-assisted rules. Human review may be required for sensitive, finance, or unclassified cases.",No,Not Required,,Existing record
T082,My laptop crashed and payroll has not been processed.,IT,High,3.2,This is a high-priority IT issue. The IT team is prioritising it and will resolve it as soon as possible.,2026-03-26,Not Immediate,30.0,,,In Progress,,,,,,"This ticket was classified and responded to using AI-assisted rules. Human review may be required for sensitive, finance, or unclassified cases.",No,Not Required,,Existing record
T083,What time does the office close today?,HR,Low,1.1,Your request has been received. It will be reviewed and assigned to the appropriate department.,2026-03-26,Immediate,61.7,,,Open,Routed,Query about office times.,HR,,,"This ticket was classified and responded to using AI-assisted rules. Human review may be required for sensitive, finance, or unclassified cases.",No,Not Required,,Existing record
T084,My pay is not yet in and the system is slow.,IT,Medium,2.2,Your request has been logged and scheduled. The IT team will resolve it in due course.,2026-03-26,Not Immediate,25.3,,,Open,,,,,,"This ticket was classified and responded to using AI-assisted rules. Human review may be required for sensitive, finance, or unclassified cases.",No,Not Required,,Existing record
T085,"Invoice, payment",Finance,Medium,2.2,Your request has been scheduled and will be processed by the Finance team soon.,2026-03-26,Not Immediate,36.5,,,Open,,,,,,"This ticket was classified and responded to using AI-assisted rules. Human review may be required for sensitive, finance, or unclassified cases.",No,Not Required,,Existing record
T086,My laptop crashed and payroll has not been processed,IT,High,3.2,This is a high-priority IT issue. The IT team is prioritising it and will resolve it as soon as possible.,2026-03-26,Not Immediate,39.9,,,In Progress,,,,,,"This ticket was classified and responded to using AI-assisted rules. Human review may be required for sensitive, finance, or unclassified cases.",No,Not Required,,Existing record
T087,My laptop crashed and I need leave tomorrow,IT,High,3.2,All relevant departments will review your request and get back to you as soon as possible.,2026-03-26,Not Immediate,13.4,,,Open,,,,,,"This ticket was classified and responded to using AI-assisted rules. Human review may be required for sensitive, finance, or unclassified cases.",No,Not Required,,Existing record
T087,My laptop crashed and I need leave tomorrow,HR,High,3.2,All relevant departments will review your request and get back to you as soon as possible.,2026-03-26,Not Immediate,18.4,,,Open,,,,,,"This ticket was classified and responded to using AI-assisted rules. Human review may be required for sensitive, finance, or unclassified cases.",No,Not Required,,Existing record
T088,The system crashed and payment failed,IT,High,3.2,All relevant departments will review your request and get back to you as soon as possible.,2026-03-26,Not Immediate,67.5,,,In Progress,,,,,,"This ticket was classified and responded to using AI-assisted rules. Human review may be required for sensitive, finance, or unclassified cases.",No,Not Required,,Existing record
T088,The system crashed and payment failed,Finance,High,3.2,All relevant departments will review your request and get back to you as soon as possible.,2026-03-26,Not Immediate,11.9,,,In Progress,,,,,,"This ticket was classified and responded to using AI-assisted rules. Human review may be required for sensitive, finance, or unclassified cases.",No,Not Required,,Existing record
T089,My salary payment is missing,HR,High,3.2,All relevant departments will review your request and get back to you as soon as possible.,2026-03-26,Not Immediate,28.4,,,In Progress,,,,,,"This ticket was classified and responded to using AI-assisted rules. Human review may be required for sensitive, finance, or unclassified cases.",No,Not Required,,Existing record
T089,My salary payment is missing,Finance,High,3.2,All relevant departments will review your request and get back to you as soon as possible.,2026-03-26,Not Immediate,40.8,,,In Progress,,,,,,"This ticket was classified and responded to using AI-assisted rules. Human review may be required for sensitive, finance, or unclassified cases.",No,Not Required,,Existing record
T090,The delivery system is down and tracking is not working,IT,High,3.2,All relevant departments will review your request and get back to you as soon as possible.,2026-03-26,Not Immediate,3.1,,,Open,,,,,,"This ticket was classified and responded to using AI-assisted rules. Human review may be required for sensitive, finance, or unclassified cases.",No,Not Required,,Existing record
T090,The delivery system is down and tracking is not working,Operations,High,3.2,All relevant departments will review your request and get back to you as soon as possible.,2026-03-26,Not Immediate,69.5,,,Open,,,,,,"This ticket was classified and responded to using AI-assisted rules. Human review may be required for sensitive, finance, or unclassified cases.",No,Not Required,,Existing record
T091,"The system crashed, payment failed, and staff cannot access their payroll during shipment delay.",IT,High,3.2,All relevant departments will review your request and get back to you as soon as possible.,2026-03-26,Not Immediate,16.8,,,In Progress,,,,,,"This ticket was classified and responded to using AI-assisted rules. Human review may be required for sensitive, finance, or unclassified cases.",No,Not Required,,Existing record
T091,"The system crashed, payment failed, and staff cannot access their payroll during shipment delay.",HR,High,3.2,All relevant departments will review your request and get back to you as soon as possible.,2026-03-26,Not Immediate,20.3,,,In Progress,,,,,,"This ticket was classified and responded to using AI-assisted rules. Human review may be required for sensitive, finance, or unclassified cases.",No,Not Required,,Existing record
T091,"The system crashed, payment failed, and staff cannot access their payroll during shipment delay.",Finance,High,3.2,All relevant departments will review your request and get back to you as soon as possible.,2026-03-26,Not Immediate,70.2,,,In Progress,,,,,,"This ticket was classified and responded to using AI-assisted rules. Human review may be required for sensitive, finance, or unclassified cases.",No,Not Required,,Existing record
T091,"The system crashed, payment failed, and staff cannot access their payroll during shipment delay.",Operations,High,3.2,All relevant departments will review your request and get back to you as soon as possible.,2026-03-26,Not Immediate,9.3,,,In Progress,,,,,,"This ticket was classified and responded to using AI-assisted rules. Human review may be required for sensitive, finance, or unclassified cases.",No,Not Required,,Existing record
T092,My laptop crashed and I need leave,IT,High,3.2,All relevant departments will review your request and get back to you as soon as possible.,2026-03-26,Not Immediate,69.4,,,Open,,,,,,"This ticket was classified and responded to using AI-assisted rules. Human review may be required for sensitive, finance, or unclassified cases.",No,Not Required,,Existing record
T092,My laptop crashed and I need leave,HR,High,3.2,All relevant departments will review your request and get back to you as soon as possible.,2026-03-26,Not Immediate,32.8,,,Open,,,,,,"This ticket was classified and responded to using AI-assisted rules. Human review may be required for sensitive, finance, or unclassified cases.",No,Not Required,,Existing record
T093,My laptop crashed and I need leave,IT,High,3.2,All relevant departments will review your request and get back to you as soon as possible.,2026-03-26,Not Immediate,34.2,,,In Progress,,,,,,"This ticket was classified and responded to using AI-assisted rules. Human review may be required for sensitive, finance, or unclassified cases.",No,Not Required,,Existing record
T093,My laptop crashed and I need leave,HR,High,3.2,All relevant departments will review your request and get back to you as soon as possible.,2026-03-26,Not Immediate,32.7,,,In Progress,,,,,,"This ticket was classified and responded to using AI-assisted rules. Human review may be required for sensitive, finance, or unclassified cases.",No,Not Required,,Existing record
T094,My salary payment is missing,Finance,High,3.2,All relevant departments will review your request and get back to you as soon as possible.,2026-03-26,Not Immediate,26.9,,,Open,,,,,,"This ticket was classified and responded to using AI-assisted rules. Human review may be required for sensitive, finance, or unclassified cases.",No,Not Required,,Existing record
T094,My salary payment is missing,HR,High,3.2,All relevant departments will review your request and get back to you as soon as possible.,2026-03-26,Not Immediate,17.5,,,Open,,,,,,"This ticket was classified and responded to using AI-assisted rules. Human review may be required for sensitive, finance, or unclassified cases.",No,Not Required,,Existing record
T095,My laptop crashed and I need leave,IT,High,3.2,All relevant departments will review your request and get back to you as soon as possible.,2026-03-26,Not Immediate,22.4,,,Closed,,,,,,"This ticket was classified and responded to using AI-assisted rules. Human review may be required for sensitive, finance, or unclassified cases.",No,Not Required,,Existing record
T095,My laptop crashed and I need leave,HR,High,3.2,All relevant departments will review your request and get back to you as soon as possible.,2026-03-26,Not Immediate,31.1,,,Closed,,,,,,"This ticket was classified and responded to using AI-assisted rules. Human review may be required for sensitive, finance, or unclassified cases.",No,Not Required,,Existing record
T096,My laptop crashed and I need leave.,IT,High,3.2,All relevant departments will review your request and get back to you as soon as possible.,2026-03-26,Not Immediate,46.1,,,Open,,,,,,"This ticket was classified and responded to using AI-assisted rules. Human review may be required for sensitive, finance, or unclassified cases.",No,Not Required,,Existing record
T096,My laptop crashed and I need leave.,HR,High,3.2,All relevant departments will review your request and get back to you as soon as possible.,2026-03-26,Not Immediate,5.9,,,Open,,,,,,"This ticket was classified and responded to using AI-assisted rules. Human review may be required for sensitive, finance, or unclassified cases.",No,Not Required,,Existing record
T097,I have not received my payslip this month.,HR,Medium,2.2,Your request has been received and will be processed by HR in due course.,2026-03-26,Not Immediate,1.3,,,In Progress,,,,,,"This ticket was classified and responded to using AI-assisted rules. Human review may be required for sensitive, finance, or unclassified cases.",No,Not Required,,Existing record
T098,The invoice for last month has not been paid.,Finance,Medium,2.2,Your request has been scheduled and will be processed by the Finance team soon.,2026-03-26,Not Immediate,48.1,,,Open,,,,,,"This ticket was classified and responded to using AI-assisted rules. Human review may be required for sensitive, finance, or unclassified cases.",No,Not Required,,Existing record
T099,The warehouse stock is running low and shipments are delayed.,Operations,Medium,2.2,Your request has been scheduled and will be handled by Operations soon.,2026-03-26,Not Immediate,66.8,,,Open,,,,,,"This ticket was classified and responded to using AI-assisted rules. Human review may be required for sensitive, finance, or unclassified cases.",No,Not Required,,Existing record
T100,My salary has not been processed and I need my leave balance updated.,HR,High,3.2,All relevant departments will review your request and get back to you as soon as possible.,2026-03-26,Not Immediate,28.9,,,In Progress,,,,,,"This ticket was classified and responded to using AI-assisted rules. Human review may be required for sensitive, finance, or unclassified cases.",No,Not Required,,Existing record
T100,My salary has not been processed and I need my leave balance updated.,Finance,High,3.2,All relevant departments will review your request and get back to you as soon as possible.,2026-03-26,Not Immediate,48.2,,,In Progress,,,,,,"This ticket was classified and responded to using AI-assisted rules. Human review may be required for sensitive, finance, or unclassified cases.",No,Not Required,,Existing record
T101,Payment for suppliers is delayed and inventory is affected.,Finance,Medium,2.2,All relevant departments will review your request and get back to you as soon as possible.,2026-03-26,Not Immediate,37.1,,,In Progress,,,,,,"This ticket was classified and responded to using AI-assisted rules. Human review may be required for sensitive, finance, or unclassified cases.",No,Not Required,,Existing record
T101,Payment for suppliers is delayed and inventory is affected.,Operations,Medium,2.2,All relevant departments will review your request and get back to you as soon as possible.,2026-03-26,Not Immediate,33.5,,,In Progress,,,,,,"This ticket was classified and responded to using AI-assisted rules. Human review may be required for sensitive, finance, or unclassified cases.",No,Not Required,,Existing record
T102,We need maintenance for the machines.,Operations,Low,1.2,Your request has been logged and will be handled in the normal workflow.,2026-03-26,Not Immediate,52.8,,,Open,,,,,,"This ticket was classified and responded to using AI-assisted rules. Human review may be required for sensitive, finance, or unclassified cases.",No,Not Required,,Existing record
T103,My order did not arrive on time.,Operations,Low,1.2,Your request has been logged and will be handled in the normal workflow.,2026-03-26,Not Immediate,45.8,,,Open,,,,,,"This ticket was classified and responded to using AI-assisted rules. Human review may be required for sensitive, finance, or unclassified cases.",No,Not Required,,Existing record
T104,I need to take a leave for 3 weeks.,HR,Medium,2.2,Your request has been received and will be processed by HR in due course.,2026-03-30,Not Immediate,64.6,,,Closed,,,,,,"This ticket was classified and responded to using AI-assisted rules. Human review may be required for sensitive, finance, or unclassified cases.",No,Not Required,,Existing record
T105,My laptop is not working and my salary has not been paid.,HR,High,3.2,All relevant departments will review your request and get back to you as soon as possible.,2026-03-30,Not Immediate,63.1,,,In Progress,,,,,,"This ticket was classified and responded to using AI-assisted rules. Human review may be required for sensitive, finance, or unclassified cases.",No,Not Required,,Existing record
T105,My laptop is not working and my salary has not been paid.,IT,High,3.2,All relevant departments will review your request and get back to you as soon as possible.,2026-03-30,Not Immediate,25.6,,,In Progress,,,,,,"This ticket was classified and responded to using AI-assisted rules. Human review may be required for sensitive, finance, or unclassified cases.",No,Not Required,,Existing record
T106,My order will arrive late because payment was delayed. Fix that please.,Finance,Medium,2.2,All relevant departments will review your request and get back to you as soon as possible.,2026-04-01,Not Immediate,38.9,,,Open,,,,,,"This ticket was classified and responded to using AI-assisted rules. Human review may be required for sensitive, finance, or unclassified cases.",No,Not Required,,Existing record
T106,My order will arrive late because payment was delayed. Fix that please.,Operations,Medium,2.2,All relevant departments will review your request and get back to you as soon as possible.,2026-04-01,Not Immediate,42.6,,,Open,,,,,,"This ticket was classified and responded to using AI-assisted rules. Human review may be required for sensitive, finance, or unclassified cases.",No,Not Required,,Existing record
T107,My laptop is not working so payment has been delayed.,Finance,Medium,2.2,All relevant departments will review your request and get back to you as soon as possible.,2026-04-01,Not Immediate,38.9,,,Closed,,,,,,"This ticket was classified and responded to using AI-assisted rules. Human review may be required for sensitive, finance, or unclassified cases.",No,Not Required,,Existing record
T107,My laptop is not working so payment has been delayed.,IT,Medium,2.2,All relevant departments will review your request and get back to you as soon as possible.,2026-04-01,Not Immediate,32.3,,,Closed,,,,,,"This ticket was classified and responded to using AI-assisted rules. Human review may be required for sensitive, finance, or unclassified cases.",No,Not Required,,Existing record
T108,WiFi is not connecting.,IT,Low,1.2,Your request has been received and will be addressed by the IT team when resources are available.,2026-04-01,Not Immediate,56.1,,,In Progress,,,,,,"This ticket was classified and responded to using AI-assisted rules. Human review may be required for sensitive, finance, or unclassified cases.",No,Not Required,,Existing record
T109,I need funds allocated for the event.,Finance,Low,1.2,Your request has been logged and will be processed when resources are available.,2026-04-01,Not Immediate,64.7,,,In Progress,,,,,,"This ticket was classified and responded to using AI-assisted rules. Human review may be required for sensitive, finance, or unclassified cases.",No,Not Required,,Existing record
T110,The system is down for all users and the schedule for delivery is lost.,Operations,High,3.2,All relevant departments will review your request and get back to you as soon as possible.,2026-04-01,Not Immediate,17.2,,,Closed,,,,,,"This ticket was classified and responded to using AI-assisted rules. Human review may be required for sensitive, finance, or unclassified cases.",No,Not Required,,Existing record
T110,The system is down for all users and the schedule for delivery is lost.,IT,High,3.2,All relevant departments will review your request and get back to you as soon as possible.,2026-04-01,Not Immediate,2.0,,,Closed,,,,,,"This ticket was classified and responded to using AI-assisted rules. Human review may be required for sensitive, finance, or unclassified cases.",No,Not Required,,Existing record
T111,My pc is not working.,IT,Medium,2.2,Your request has been logged and scheduled. The IT team will resolve it in due course.,2026-04-05,Not Immediate,46.9,,,In Progress,,,,,,"This ticket was classified and responded to using AI-assisted rules. Human review may be required for sensitive, finance, or unclassified cases.",No,Not Required,,Existing record
T112,I need an invoice for the payment made for the shipment.,Finance,Medium,2.2,All relevant departments will review your request and get back to you as soon as possible.,2026-04-05,Not Immediate,24.7,,,In Progress,,,,,,"This ticket was classified and responded to using AI-assisted rules. Human review may be required for sensitive, finance, or unclassified cases.",No,Not Required,,Existing record
T112,I need an invoice for the payment made for the shipment.,Operations,Medium,2.2,All relevant departments will review your request and get back to you as soon as possible.,2026-04-05,Not Immediate,33.4,,,In Progress,,,,,,"This ticket was classified and responded to using AI-assisted rules. Human review may be required for sensitive, finance, or unclassified cases.",No,Not Required,,Existing record
T113,I need clarity on the policy of overtime and tipping.,HR,Medium,2.2,Your request has been received and will be processed by HR in due course.,2026-04-05,Not Immediate,32.0,,,In Progress,,,,,,"This ticket was classified and responded to using AI-assisted rules. Human review may be required for sensitive, finance, or unclassified cases.",No,Not Required,,Existing record
T114,I need money to be credited into my account by the end of today please.,Unclassified,Low,1.1,Your request has been received. It will be reviewed and assigned to the appropriate department.,2026-04-05,Immediate,66.0,,,Closed,Irrelevant,Marked as irrelevant during review,,,,"This ticket was classified and responded to using AI-assisted rules. Human review may be required for sensitive, finance, or unclassified cases.",No,Not Required,,Existing record
T115,My salary is missing.,HR,High,3.2,This is a high-priority HR issue and will be handled with urgency.,2026-04-07,Not Immediate,15.8,,,Open,,,,,,"This ticket was classified and responded to using AI-assisted rules. Human review may be required for sensitive, finance, or unclassified cases.",No,Not Required,,Existing record
T116,The WiFi connection is slow.,IT,Medium,2.2,Your request has been logged and scheduled. The IT team will resolve it in due course.,2026-04-09,Not Immediate,30.6,,,Open,,,,,,"This ticket was classified and responded to using AI-assisted rules. Human review may be required for sensitive, finance, or unclassified cases.",No,Not Required,,Existing record
T117,I need a new keyboard and mouse.,IT,Low,1.2,Your request has been received and will be addressed by the IT team when resources are available.,2026-04-09,Not Immediate,62.0,,,Open,,,,,,"This ticket was classified and responded to using AI-assisted rules. Human review may be required for sensitive, finance, or unclassified cases.",No,Not Required,,Existing record
T118,I need the shipment to arrive today.,Operations,Medium,2.1,Your request has been prioritised and will be handled by the Operations team today.,2026-04-09,Immediate,30.2,,,In Progress,,,,,,"This ticket was classified and responded to using AI-assisted rules. Human review may be required for sensitive, finance, or unclassified cases.",No,Not Required,,Existing record
T119,My order has been delayed by 2 days. What is happening with the schedule?,Operations,Medium,2.2,Your request has been scheduled and will be handled by Operations soon.,2026-04-09,Not Immediate,45.3,,,Open,,,,,,"This ticket was classified and responded to using AI-assisted rules. Human review may be required for sensitive, finance, or unclassified cases.",No,Not Required,,Existing record
T120,I want to get married.,HR,Low,1.2,Your request has been received. It will be reviewed and assigned to the appropriate department.,2026-04-15,Not Immediate,58.2,,,Open,Routed,Not a valid business request.,HR,,,"This ticket was classified and responded to using AI-assisted rules. Human review may be required for sensitive, finance, or unclassified cases.",No,Not Required,,Existing record
T121,My laptop is slow.,IT,Medium,2.2,Your request has been logged and scheduled. The IT team will resolve it in due course.,2026-04-15,Not Immediate,43.9,,,Open,,,,,,"This ticket was classified and responded to using AI-assisted rules. Human review may be required for sensitive, finance, or unclassified cases.",No,Not Required,,Existing record
T122,I need to backup my files on the cloud but the system is slow.,IT,Medium,2.2,Your request has been logged and scheduled. The IT team will resolve it in due course.,2026-04-15,Not Immediate,38.3,,,Open,,,,,,"This ticket was classified and responded to using AI-assisted rules. Human review may be required for sensitive, finance, or unclassified cases.",No,Not Required,,Existing record
T123,My OneDrive is not working. Please fix it now.,IT,Low,1.1,Your request has been received. It will be reviewed and assigned to the appropriate department.,2026-04-15,Immediate,48.8,,,Open,Routed,Needs help with OneDrive account.,IT,2026-04-15 15:43:28,,"This ticket was classified and responded to using AI-assisted rules. Human review may be required for sensitive, finance, or unclassified cases.",No,Not Required,,Existing record
T124,My laptop is not working. I have not received my salary.,HR,High,3.2,All relevant departments will review your request and get back to you as soon as possible.,2026-04-16,Not Immediate,18.6,,,Closed,,,,2026-04-16,,"This ticket was classified and responded to using AI-assisted rules. Human review may be required for sensitive, finance, or unclassified cases.",No,Not Required,,Existing record
T124,My laptop is not working. I have not received my salary.,IT,High,3.2,All relevant departments will review your request and get back to you as soon as possible.,2026-04-16,Not Immediate,6.5,,,Closed,,,,2026-04-16,,"This ticket was classified and responded to using AI-assisted rules. Human review may be required for sensitive, finance, or unclassified cases.",No,Not Required,,Existing record
T125,My laptop is slow.,IT,Medium,2.2,Your request has been logged and scheduled. The IT team will resolve it in due course.,2026-04-16,Not Immediate,33.7,,,Open,,,,2026-04-16,,"This ticket was classified and responded to using AI-assisted rules. Human review may be required for sensitive, finance, or unclassified cases.",No,Not Required,,Existing record
T126,I need pay.,HR,Low,1.2,Your request has been logged and will be handled as part of standard HR processes.,2026-04-23,Not Immediate,65.8,,,Open,,,HR,2026-04-23 09:42:00,,"This ticket was classified and responded to using AI-assisted rules. Human review may be required for sensitive, finance, or unclassified cases.",No,Not Required,,Existing record
T127,My laptop cannot connect to the wifi and I need access today.,IT,Medium,2.1,Your request has been marked as urgent and will be attended to by the IT team today.,2026-04-23,Immediate,40.4,,,Open,,,IT Department,2026-04-23 23:46:30,No major risk detected,"This ticket was classified and responded to using AI-assisted rules. Human review may be required for sensitive, finance, or unclassified cases.",No,Not Required,,Existing record
T128,I want to report harassment from my supervisor and I need help immediately.,HR,High,3.1,All relevant departments will review your request and get back to you as soon as possible.,2026-04-23,Immediate,6.2,,,Open,,,HR Department,2026-04-23 23:47:20,Sensitive HR issue - human review recommended,"This ticket was classified and responded to using AI-assisted rules. Human review may be required for sensitive, finance, or unclassified cases.",No,Not Required,,Existing record
T128,I want to report harassment from my supervisor and I need help immediately.,Finance,High,3.1,All relevant departments will review your request and get back to you as soon as possible.,2026-04-23,Immediate,1.9,,,Pending Approval,,,Finance Department,2026-04-23 23:47:20,No major risk detected,"This ticket was classified and responded to using AI-assisted rules. Human review may be required for sensitive, finance, or unclassified cases.",Yes,Pending,,Existing record
T129,There is a fraudulent payment on the account and I need urgent assistance.,Finance,High,3.1,This is a critical financial issue requiring immediate action. The Finance team is addressing it urgently.,2026-04-23,Immediate,4.5,,,Pending Approval,,,Finance Department,2026-04-23 23:47:55,Potential financial risk detected,"This ticket was classified and responded to using AI-assisted rules. Human review may be required for sensitive, finance, or unclassified cases.",Yes,Pending,,Existing record
T130,I need help with something strange in the office and I am not sure who handles it.,Unclassified,Low,1.2,Your request has been received. It will be reviewed and assigned to the appropriate department.,2026-04-23,Not Immediate,66.3,,,Pending Review,Not Reviewed,,Unclassified Queue,2026-04-23 23:48:20,Low confidence classification - manual review required,"This ticket was classified and responded to using AI-assisted rules. Human review may be required for sensitive, finance, or unclassified cases.",No,Not Required,,Existing record
T131,My laptop cannot connect to the wifi and I need access today.,IT,Medium,2.1,Your IT request has been marked as urgent and will be attended to by the IT team today.,2026-04-24,Immediate,45.6,,,Open,,,IT Department,2026-04-24 00:42:29,No major risk detected,"This ticket was classified and responded to using AI-assisted rules. Human review may be required for sensitive, finance, or unclassified cases.",No,Not Required,,Existing record
T132,I want to report harassment from my supervisor immediately.,HR,High,3.1,All relevant departments will review your request and get back to you as soon as possible.,2026-04-24,Immediate,9.6,,,Open,,,HR Department,2026-04-24 00:42:59,Sensitive HR issue - human review recommended,"This ticket was classified and responded to using AI-assisted rules. Human review may be required for sensitive, finance, or unclassified cases.",No,Not Required,,Existing record
T132,I want to report harassment from my supervisor immediately.,Finance,High,3.1,All relevant departments will review your request and get back to you as soon as possible.,2026-04-24,Immediate,18.6,,,Pending Approval,,,Finance Department,2026-04-24 00:42:59,No major risk detected,"This ticket was classified and responded to using AI-assisted rules. Human review may be required for sensitive, finance, or unclassified cases.",Yes,Pending,,Existing record
T133,There is a fraudulent payment from my account and I need help urgently.,Finance,High,3.2,All relevant departments will review your request and get back to you as soon as possible.,2026-04-24,Not Immediate,11.4,,,Pending Approval,,,Finance Department,2026-04-24 00:43:46,Potential financial risk detected,"This ticket was classified and responded to using AI-assisted rules. Human review may be required for sensitive, finance, or unclassified cases.",Yes,Pending,,Existing record
T133,There is a fraudulent payment from my account and I need help urgently.,IT,High,3.2,All relevant departments will review your request and get back to you as soon as possible.,2026-04-24,Not Immediate,22.6,,,Open,,,IT Department,2026-04-24 00:43:46,No major risk detected,"This ticket was classified and responded to using AI-assisted rules. Human review may be required for sensitive, finance, or unclassified cases.",No,Not Required,,Existing record
T134,I need help with something strange and I am not sure who handles it.,Unclassified,Low,1.2,Your request has been received. It will be reviewed manually and assigned to the appropriate department.,2026-04-24,Not Immediate,70.7,,,Pending Review,Not Reviewed,,Unclassified Queue,2026-04-24 00:44:14,Low confidence classification - manual review required,"This ticket was classified and responded to using AI-assisted rules. Human review may be required for sensitive, finance, or unclassified cases.",No,Not Required,,Existing record
T135,There is a fraudulent payment from my account and I need help urgently.,Finance,High,3.2,All relevant departments will review your request and get back to you as soon as possible.,2026-05-04,Not Immediate,2.9,,,Pending Approval,,,Finance Department,2026-05-04 11:19:54,Potential financial risk detected,"This ticket was classified and responded to using AI-assisted rules. Human review may be required for sensitive, finance, or unclassified cases.",Yes,Pending,,Existing record
T135,There is a fraudulent payment from my account and I need help urgently.,IT,High,3.2,All relevant departments will review your request and get back to you as soon as possible.,2026-05-04,Not Immediate,20.4,,,Open,,,IT Department,2026-05-04 11:19:54,No major risk detected,"This ticket was classified and responded to using AI-assisted rules. Human review may be required for sensitive, finance, or unclassified cases.",No,Not Required,,Existing record
T136,I need an invoice.,Finance,Medium,2.2,Your finance request has been scheduled and will be processed by the Finance team soon.,2026-05-04,Not Immediate,15.8,,,Pending Approval,,,Finance Department,2026-05-04 15:36:27,No major risk detected,"This ticket was classified using AI-assisted rule-based logic. Risk flags, sensitive cases, finance approvals, and unclassified tickets may require human review.",Yes,Pending,35.2,Hybrid ML + Rules
T137,The connection is slow,IT,Medium,2.2,Your IT request has been logged and scheduled. The IT team will resolve it according to support priority.,2026-05-04,Not Immediate,22.7,,,Open,,,IT Department,2026-05-04 15:54:14,No major risk detected,"This ticket was classified using AI-assisted rule-based logic. Risk flags, sensitive cases, finance approvals, and unclassified tickets may require human review.",No,Not Required,53.6,Hybrid ML + Rules
T138,There is a fraudulent payment on my account urgently,Finance,High,3.2,All relevant departments will review your request and respond through the appropriate workflow.,2026-05-04,Not Immediate,4.7,,,Pending Approval,,,Finance Department,2026-05-04 15:54:32,Financial risk detected - approval or audit review recommended,"This ticket was classified using AI-assisted rule-based logic. Risk flags, sensitive cases, finance approvals, and unclassified tickets may require human review.",Yes,Pending,53.3,Hybrid ML + Rules
T138,There is a fraudulent payment on my account urgently,IT,High,3.2,All relevant departments will review your request and respond through the appropriate workflow.,2026-05-04,Not Immediate,5.4,,,Pending Approval,,,IT Department,2026-05-04 15:54:32,No major risk detected,"This ticket was classified using AI-assisted rule-based logic. Risk flags, sensitive cases, finance approvals, and unclassified tickets may require human review.",Yes,Pending,53.3,Hybrid ML + Rules
T139,My laptop is not connecting and payment needs approval.,Finance,Medium,2.2,All relevant departments will review your request and respond through the appropriate workflow.,2026-05-05,Not Immediate,8.6,,,Pending Approval,,,Finance Department,2026-05-05 09:43:25,No major risk detected,"This ticket was classified using AI-assisted rule-based logic. Risk flags, sensitive cases, finance approvals, and unclassified tickets may require human review.",Yes,Pending,31.4,Hybrid ML + Rules
T139,My laptop is not connecting and payment needs approval.,IT,Medium,2.2,All relevant departments will review your request and respond through the appropriate workflow.,2026-05-05,Not Immediate,17.0,,,Open,,,IT Department,2026-05-05 09:43:25,No major risk detected,"This ticket was classified using AI-assisted rule-based logic. Risk flags, sensitive cases, finance approvals, and unclassified tickets may require human review.",No,Not Required,31.4,Hybrid ML + Rules
T140,My laptop is not connecting and payment needs approval.,Finance,Medium,2.2,All relevant departments will review your request and respond through the appropriate workflow.,2026-05-05,Not Immediate,16.2,2026-05-05 11:26:37,,In Progress,,,Finance Department,2026-05-05 10:03:56,No major risk detected,"This ticket was classified using AI-assisted rule-based logic. Risk flags, sensitive cases, finance approvals, and unclassified tickets may require human review.",Yes,Approved,32.3,Rule-Based Backup
T140,My laptop is not connecting and payment needs approval.,IT,Medium,2.2,All relevant departments will review your request and respond through the appropriate workflow.,2026-05-05,Not Immediate,8.2,2026-05-05 11:26:37,,In Progress,,,IT Department,2026-05-05 10:03:56,No major risk detected,"This ticket was classified using AI-assisted rule-based logic. Risk flags, sensitive cases, finance approvals, and unclassified tickets may require human review.",No,Approved,32.3,Rule-Based Backup
T141,My connection is bad,IT,Low,1.2,Your IT request has been received and will be addressed when support resources are available.,2026-05-05,Not Immediate,53.9,,,Open,,,IT Department,2026-05-05 10:07:37,No major risk detected,"This ticket was classified using AI-assisted rule-based logic. Risk flags, sensitive cases, finance approvals, and unclassified tickets may require human review.",No,Not Required,50.5,Hybrid ML + Rules
T142,There is a fraudulent payment on my account urgently,Finance,High,3.1,This is a critical financial issue and may require approval or audit review before further processing. The Finance team will prioritise it.,2026-05-05,Immediate,1.7,,,Pending Approval,,,Finance Department,2026-05-05 10:07:52,Financial risk detected - approval or audit review recommended,"This ticket was classified using AI-assisted rule-based logic. Risk flags, sensitive cases, finance approvals, and unclassified tickets may require human review.",Yes,Pending,68.6,Machine Learning
T143,I want to report workplace harassment,HR,High,3.2,This is a high-priority HR matter and will be handled carefully through the appropriate HR process.,2026-05-05,Not Immediate,4.6,,,Pending Approval,,,HR Department,2026-05-05 10:08:31,Sensitive HR issue - human review recommended,"This ticket was classified using AI-assisted rule-based logic. Risk flags, sensitive cases, finance approvals, and unclassified tickets may require human review.",Yes,Pending,59.7,Hybrid ML + Rules
T144,The warehouse delivery is delayed,Operations,Low,1.2,Your operations request has been logged and will be handled in the normal workflow.,2026-05-05,Not Immediate,61.5,,,Open,,,Operations Department,2026-05-05 10:09:10,No major risk detected,"This ticket was classified using AI-assisted rule-based logic. Risk flags, sensitive cases, finance approvals, and unclassified tickets may require human review.",No,Not Required,62.4,Machine Learning
T145,There is a fraudulent payment on my account urgently,Finance,High,3.1,This is a critical financial issue and may require approval or audit review before further processing. The Finance team will prioritise it.,2026-05-05,Immediate,,,,Pending Approval,,,Finance Department,2026-05-05 11:24:59,Financial risk detected - approval or audit review recommended,"This ticket was classified using AI-assisted rule-based logic. Risk flags, sensitive cases, finance approvals, and unclassified tickets may require human review.",Yes,Pending,68.6,Machine Learning
T146,My connection is bad.,IT,Low,1.2,Your IT request has been received and will be addressed when support resources are available.,2026-05-08,Not Immediate,,,,Open,,,IT Department,2026-05-08 12:04:50,No major risk detected,"This ticket was classified using a hybrid AI system combining machine learning and rule-based automation. Risk flags, sensitive cases, finance approvals, and low-confidence tickets may require human review.",No,Not Required,50.5,Hybrid ML + Rules
T147,The server is down and users cannot login today,IT,High,3.1,"This is a critical IT issue requiring immediate technical attention. The IT team will prioritise system stability, security, and user access restoration.",2026-05-08,Immediate,,,,Open,,,IT Department,2026-05-08 12:06:00,No major risk detected,"This ticket was classified using a hybrid AI system combining machine learning and rule-based automation. Risk flags, sensitive cases, finance approvals, and low-confidence tickets may require human review.",No,Not Required,53.2,Hybrid ML + Rules
